sample_id,target,prediction,top2_prediction,correct,confidence,margin,normalized_margin
001.Black_footed_Albatross/Black_Footed_Albatross_0046_18.jpg,0,0,2,1,0.9366593956947327,3.05859375,2.0353617668151855
001.Black_footed_Albatross/Black_Footed_Albatross_0002_55.jpg,0,0,2,1,0.9900352358818054,6.0625,4.363656044006348
001.Black_footed_Albatross/Black_Footed_Albatross_0085_92.jpg,0,0,1,1,0.9908332228660583,5.90234375,4.349873065948486
001.Black_footed_Albatross/Black_Footed_Albatross_0025_796057.jpg,0,0,2,1,0.9047327637672424,2.609375,1.5433812141418457
001.Black_footed_Albatross/Black_Footed_Albatross_0086_796062.jpg,0,0,2,1,0.9924523234367371,5.78125,4.140864372253418
001.Black_footed_Albatross/Black_Footed_Albatross_0049_796063.jpg,0,2,0,0,0.6525570154190063,1.04296875,0.7562997341156006
001.Black_footed_Albatross/Black_Footed_Albatross_0006_796065.jpg,0,0,1,1,0.9924293160438538,5.6484375,3.870377540588379
001.Black_footed_Albatross/Black_Footed_Albatross_0016_796067.jpg,0,0,1,1,0.9943958520889282,6.46875,4.719988822937012
001.Black_footed_Albatross/Black_Footed_Albatross_0065_796068.jpg,0,0,2,1,0.9646961688995361,3.515625,2.3191871643066406
001.Black_footed_Albatross/Black_Footed_Albatross_0042_796071.jpg,0,0,1,1,0.9875160455703735,4.99609375,3.2963919639587402
001.Black_footed_Albatross/Black_Footed_Albatross_0090_796077.jpg,0,0,1,1,0.9830238819122314,4.54296875,2.840277671813965
001.Black_footed_Albatross/Black_Footed_Albatross_0061_796082.jpg,0,0,1,1,0.9758155345916748,4.0859375,2.39025616645813
001.Black_footed_Albatross/Black_Footed_Albatross_0008_796083.jpg,0,0,1,1,0.9703887701034546,4.09375,2.7372829914093018
001.Black_footed_Albatross/Black_Footed_Albatross_0033_796086.jpg,0,0,2,1,0.9600925445556641,3.3125,2.118854284286499
001.Black_footed_Albatross/Black_Footed_Albatross_0024_796089.jpg,0,0,2,1,0.9912370443344116,5.51171875,3.6645729541778564
001.Black_footed_Albatross/Black_Footed_Albatross_0005_796090.jpg,0,0,2,1,0.8393784165382385,2.13671875,1.5620383024215698
001.Black_footed_Albatross/Black_Footed_Albatross_0026_796095.jpg,0,1,0,0,0.5032912492752075,0.4609375,0.2431410253047943
001.Black_footed_Albatross/Black_Footed_Albatross_0064_796101.jpg,0,0,2,1,0.9510895609855652,3.5,2.4577038288116455
001.Black_footed_Albatross/Black_Footed_Albatross_0076_417.jpg,0,0,1,1,0.9069764614105225,2.546875,1.7111493349075317
001.Black_footed_Albatross/Black_Footed_Albatross_0053_796109.jpg,0,0,1,1,0.9703473448753357,3.95703125,2.5303688049316406
001.Black_footed_Albatross/Black_Footed_Albatross_0001_796111.jpg,0,0,1,1,0.9888954162597656,5.359375,3.581066131591797
001.Black_footed_Albatross/Black_Footed_Albatross_0037_796120.jpg,0,0,2,1,0.8799150586128235,2.2421875,1.5502939224243164
001.Black_footed_Albatross/Black_Footed_Albatross_0082_796121.jpg,0,0,2,1,0.9687098860740662,3.93359375,2.534142017364502
001.Black_footed_Albatross/Black_Footed_Albatross_0050_796125.jpg,0,0,1,1,0.9771533012390137,4.12109375,2.6578664779663086
001.Black_footed_Albatross/Black_Footed_Albatross_0078_796126.jpg,0,1,2,0,0.7079924941062927,1.34765625,0.9953274726867676
001.Black_footed_Albatross/Black_Footed_Albatross_0045_796129.jpg,0,0,2,1,0.9486117959022522,3.2109375,1.855342984199524
001.Black_footed_Albatross/Black_Footed_Albatross_0088_796133.jpg,0,2,1,0,0.7525744438171387,1.84375,1.3423491716384888
001.Black_footed_Albatross/Black_Footed_Albatross_0003_796136.jpg,0,0,1,1,0.984308660030365,4.62109375,2.8035402297973633
001.Black_footed_Albatross/Black_Footed_Albatross_0035_796140.jpg,0,0,1,1,0.9503047466278076,3.66015625,2.4607021808624268
001.Black_footed_Albatross/Black_Footed_Albatross_0058_796074.jpg,0,0,2,1,0.9829152822494507,4.765625,3.3228557109832764
002.Laysan_Albatross/Laysan_Albatross_0002_1027.jpg,1,0,1,0,0.5084819197654724,0.53125,0.38117074966430664
002.Laysan_Albatross/Laysan_Albatross_0082_524.jpg,1,1,0,1,0.980553388595581,4.4375,1.8944140672683716
002.Laysan_Albatross/Laysan_Albatross_0070_788.jpg,1,1,0,1,0.9892935752868652,5.359375,2.516028642654419
002.Laysan_Albatross/Laysan_Albatross_0053_543.jpg,1,1,2,1,0.9490834474563599,3.2421875,1.891798734664917
002.Laysan_Albatross/Laysan_Albatross_0001_545.jpg,1,58,63,0,0.2822839617729187,0.65234375,0.4257912337779999
002.Laysan_Albatross/Laysan_Albatross_0023_1059.jpg,1,1,83,1,0.9698864221572876,5.30078125,3.154780387878418
002.Laysan_Albatross/Laysan_Albatross_0060_777.jpg,1,1,2,1,0.9944710731506348,6.171875,2.99954891204834
002.Laysan_Albatross/Laysan_Albatross_0080_821.jpg,1,1,2,1,0.9826292991638184,4.70703125,2.4110896587371826
002.Laysan_Albatross/Laysan_Albatross_0091_602.jpg,1,1,2,1,0.9508194327354431,3.1484375,1.5665746927261353
002.Laysan_Albatross/Laysan_Albatross_0102_611.jpg,1,1,0,1,0.9890479445457458,5.35546875,3.088301181793213
002.Laysan_Albatross/Laysan_Albatross_0017_614.jpg,1,1,2,1,0.986311137676239,4.78125,2.576855421066284
002.Laysan_Albatross/Laysan_Albatross_0035_876.jpg,1,83,64,0,0.754050076007843,2.12890625,1.4388666152954102
002.Laysan_Albatross/Laysan_Albatross_0098_621.jpg,1,2,0,0,0.5406772494316101,2.908203125,1.9918951988220215
002.Laysan_Albatross/Laysan_Albatross_0034_628.jpg,1,1,0,1,0.991309404373169,6.5859375,3.29071044921875
002.Laysan_Albatross/Laysan_Albatross_0104_630.jpg,1,24,45,0,0.15453413128852844,0.328125,0.20271065831184387
002.Laysan_Albatross/Laysan_Albatross_0058_637.jpg,1,1,0,1,0.9671058058738708,3.86328125,2.153223752975464
002.Laysan_Albatross/Laysan_Albatross_0028_643.jpg,1,1,2,1,0.9924474954605103,6.2421875,3.5675055980682373
002.Laysan_Albatross/Laysan_Albatross_0033_658.jpg,1,1,2,1,0.9208929538726807,3.5703125,2.683337688446045
002.Laysan_Albatross/Laysan_Albatross_0075_668.jpg,1,58,60,0,0.6706051826477051,2.734375,1.624598741531372
002.Laysan_Albatross/Laysan_Albatross_0064_674.jpg,1,1,58,1,0.7580326199531555,2.45703125,1.8545310497283936
002.Laysan_Albatross/Laysan_Albatross_0049_918.jpg,1,1,58,1,0.9535099864006042,4.77734375,3.3080403804779053
002.Laysan_Albatross/Laysan_Albatross_0012_696.jpg,1,44,1,0,0.5675981044769287,0.6015625,0.29324325919151306
002.Laysan_Albatross/Laysan_Albatross_0037_699.jpg,1,1,0,1,0.923038899898529,3.1328125,1.8652212619781494
002.Laysan_Albatross/Laysan_Albatross_0042_801.jpg,1,1,2,1,0.9771078824996948,4.22265625,2.1023688316345215
002.Laysan_Albatross/Laysan_Albatross_0004_930.jpg,1,1,0,1,0.9906421303749084,5.6015625,2.877171516418457
002.Laysan_Albatross/Laysan_Albatross_0093_725.jpg,1,1,43,1,0.6476031541824341,1.1328125,0.4508979022502899
002.Laysan_Albatross/Laysan_Albatross_0021_737.jpg,1,1,2,1,0.6973181962966919,1.359375,0.955339252948761
002.Laysan_Albatross/Laysan_Albatross_0059_488.jpg,1,1,0,1,0.725448727607727,1.1875,0.6272274255752563
002.Laysan_Albatross/Laysan_Albatross_0103_504.jpg,1,1,0,1,0.9863922595977783,5.5625,3.299743890762329
002.Laysan_Albatross/Laysan_Albatross_0079_506.jpg,1,1,2,1,0.9797363877296448,4.57421875,2.560293436050415
003.Sooty_Albatross/Sooty_Albatross_0003_1078.jpg,2,2,1,1,0.6268789172172546,0.609375,0.30562824010849
003.Sooty_Albatross/Sooty_Albatross_0044_1105.jpg,2,44,2,0,0.3847510516643524,0.24609375,0.15419980883598328
003.Sooty_Albatross/Sooty_Albatross_0071_1116.jpg,2,0,2,0,0.6128256320953369,0.578125,0.380420058965683
003.Sooty_Albatross/Sooty_Albatross_0030_1122.jpg,2,2,44,1,0.9873835444450378,5.203125,3.1561014652252197
