dataset_name,model_name,ckpt_kind,fp32_top1,fp32_vram_gb,fp32_params_m,fp32_time_total_s,baseline_source
aircraft,beitv2_base_patch16_224_in22k,cal,91.21,1.2559,88.244224,440.9,raw_4999
aircraft,beitv2_base_patch16_224_in22k,ft,85.45,0.9062,85.838884,92.88,raw_4999
aircraft,beitv2_base_patch16_224_in22k,fz,55.51,0.9062,85.838884,79.61,raw_4999
aircraft,swin_base_patch4_window7_224_in22k,cal,91.78,2.3105,90.052856,469.13,raw_4999
aircraft,swin_base_patch4_window7_224_in22k,ft,87.79,1.7461,86.845724,91.61,raw_4999
aircraft,swin_base_patch4_window7_224_in22k,fz,68.29,1.7461,86.845724,92.66,raw_4999
aircraft,vit_b16,cal,85.18,1.4453,88.27936,1001.24,raw_4999
aircraft,vit_b16,ft,82.15,1.0059,85.875556,92.74,raw_4999
aircraft,vit_b16,fz,58.3,1.0059,85.875556,90.81,raw_4999
cars,beitv2_base_patch16_224_in22k,cal,92.14,1.332,90.60352,1294.61,raw_4999
cars,beitv2_base_patch16_224_in22k,ft,88.87,0.9062,85.912708,105.49,raw_4999
cars,beitv2_base_patch16_224_in22k,fz,64.07,0.9062,85.912708,108.24,raw_4999
cars,swin_base_patch4_window7_224_in22k,cal,94.17,2.334,93.198584,976.72,raw_4999
cars,swin_base_patch4_window7_224_in22k,ft,90.36,1.7461,86.944124,108.17,raw_4999
cars,swin_base_patch4_window7_224_in22k,fz,74.93,1.7461,86.944124,110.78,raw_4999
cars,vit_b16,cal,90.37,1.4512,90.638656,604.33,raw_4999
cars,vit_b16,ft,86.58,1.0059,85.94938,108.17,raw_4999
cars,vit_b16,fz,62.5,1.0059,85.94938,107.1,raw_4999
cub,beitv2_base_patch16_224_in22k,cal,89.28,1.293,90.701824,663.47,raw_4999
cub,beitv2_base_patch16_224_in22k,ft,86.97,0.9062,85.915784,73.11,raw_4999
cub,beitv2_base_patch16_224_in22k,fz,90.49,0.9062,85.915784,69.13,raw_4999
cub,swin_base_patch4_window7_224_in22k,cal,90.73,2.334,93.329656,653.32,raw_4999
cub,swin_base_patch4_window7_224_in22k,ft,90.52,1.7461,86.948224,76.96,raw_4999
cub,swin_base_patch4_window7_224_in22k,fz,91.09,1.7461,86.948224,90.69,raw_4999
cub,vit_b16,cal,88.73,1.4512,90.73696,1005.97,raw_4999
cub,vit_b16,fz,86.23,1.0059,85.952456,79.59,raw_4999
cub,vit_b16,ft,87.78,0.8945,85.952456,44.93,manual_corrected_run
