scope,factor,method,context,n,correlation
global,hqq_nbits,pearson,all,864,-0.6133090732471861
global,hqq_nbits,spearman,all,864,-0.6027401921530178
global,log2_group_size,pearson,all,864,0.1060159825977614
global,log2_group_size,spearman,all,864,0.1683750440540118
nbits_within_context,hqq_nbits,pearson,aircraft | beitv2_base_patch16_224_in22k | cal | 8,8,-0.897429887673869
nbits_within_context,hqq_nbits,spearman,aircraft | beitv2_base_patch16_224_in22k | cal | 8,8,-0.9700772721497397
nbits_within_context,hqq_nbits,pearson,aircraft | beitv2_base_patch16_224_in22k | cal | 32,8,-0.9042373085399731
nbits_within_context,hqq_nbits,spearman,aircraft | beitv2_base_patch16_224_in22k | cal | 32,8,-0.9759000729485332
nbits_within_context,hqq_nbits,pearson,aircraft | beitv2_base_patch16_224_in22k | cal | 128,8,-0.905116633695434
nbits_within_context,hqq_nbits,spearman,aircraft | beitv2_base_patch16_224_in22k | cal | 128,8,-0.9697815168769669
nbits_within_context,hqq_nbits,pearson,aircraft | beitv2_base_patch16_224_in22k | cal | 512,8,-0.9057525568255884
nbits_within_context,hqq_nbits,spearman,aircraft | beitv2_base_patch16_224_in22k | cal | 512,8,-0.9697815168769669
nbits_within_context,hqq_nbits,pearson,aircraft | beitv2_base_patch16_224_in22k | ft | 8,8,-0.8937477701858709
nbits_within_context,hqq_nbits,spearman,aircraft | beitv2_base_patch16_224_in22k | ft | 8,8,-0.9880235200593538
nbits_within_context,hqq_nbits,pearson,aircraft | beitv2_base_patch16_224_in22k | ft | 32,8,-0.8748672668469447
nbits_within_context,hqq_nbits,spearman,aircraft | beitv2_base_patch16_224_in22k | ft | 32,8,-0.9697815168769669
nbits_within_context,hqq_nbits,pearson,aircraft | beitv2_base_patch16_224_in22k | ft | 128,8,-0.8740255710675795
nbits_within_context,hqq_nbits,spearman,aircraft | beitv2_base_patch16_224_in22k | ft | 128,8,-0.9697815168769669
nbits_within_context,hqq_nbits,pearson,aircraft | beitv2_base_patch16_224_in22k | ft | 512,8,-0.8749110460907389
nbits_within_context,hqq_nbits,spearman,aircraft | beitv2_base_patch16_224_in22k | ft | 512,8,-0.9697815168769669
nbits_within_context,hqq_nbits,pearson,aircraft | beitv2_base_patch16_224_in22k | fz | 8,8,-0.89078279758244
nbits_within_context,hqq_nbits,spearman,aircraft | beitv2_base_patch16_224_in22k | fz | 8,8,-0.9759000729485332
nbits_within_context,hqq_nbits,pearson,aircraft | beitv2_base_patch16_224_in22k | fz | 32,8,-0.8748672668469447
nbits_within_context,hqq_nbits,spearman,aircraft | beitv2_base_patch16_224_in22k | fz | 32,8,-0.9697815168769669
nbits_within_context,hqq_nbits,pearson,aircraft | beitv2_base_patch16_224_in22k | fz | 128,8,-0.8740255710675795
nbits_within_context,hqq_nbits,spearman,aircraft | beitv2_base_patch16_224_in22k | fz | 128,8,-0.9697815168769669
nbits_within_context,hqq_nbits,pearson,aircraft | beitv2_base_patch16_224_in22k | fz | 512,8,-0.8749110460907389
nbits_within_context,hqq_nbits,spearman,aircraft | beitv2_base_patch16_224_in22k | fz | 512,8,-0.9697815168769669
nbits_within_context,hqq_nbits,pearson,aircraft | swin_base_patch4_window7_224_in22k | cal | 8,8,-0.9297817230256898
nbits_within_context,hqq_nbits,spearman,aircraft | swin_base_patch4_window7_224_in22k | cal | 8,8,-0.9759000729485332
nbits_within_context,hqq_nbits,pearson,aircraft | swin_base_patch4_window7_224_in22k | cal | 32,8,-0.9373147683859733
nbits_within_context,hqq_nbits,spearman,aircraft | swin_base_patch4_window7_224_in22k | cal | 32,8,-0.9697815168769669
nbits_within_context,hqq_nbits,pearson,aircraft | swin_base_patch4_window7_224_in22k | cal | 128,8,-0.9373669897659646
nbits_within_context,hqq_nbits,spearman,aircraft | swin_base_patch4_window7_224_in22k | cal | 128,8,-0.9697815168769669
nbits_within_context,hqq_nbits,pearson,aircraft | swin_base_patch4_window7_224_in22k | cal | 512,8,-0.9373168782877835
nbits_within_context,hqq_nbits,spearman,aircraft | swin_base_patch4_window7_224_in22k | cal | 512,8,-0.9697815168769669
nbits_within_context,hqq_nbits,pearson,aircraft | swin_base_patch4_window7_224_in22k | ft | 8,8,-0.9151710514535427
nbits_within_context,hqq_nbits,spearman,aircraft | swin_base_patch4_window7_224_in22k | ft | 8,8,-0.9452300860699551
nbits_within_context,hqq_nbits,pearson,aircraft | swin_base_patch4_window7_224_in22k | ft | 32,8,-0.9114212024362657
nbits_within_context,hqq_nbits,spearman,aircraft | swin_base_patch4_window7_224_in22k | ft | 32,8,-0.9452300860699551
nbits_within_context,hqq_nbits,pearson,aircraft | swin_base_patch4_window7_224_in22k | ft | 128,8,-0.9116277381324247
nbits_within_context,hqq_nbits,spearman,aircraft | swin_base_patch4_window7_224_in22k | ft | 128,8,-0.9452300860699551
nbits_within_context,hqq_nbits,pearson,aircraft | swin_base_patch4_window7_224_in22k | ft | 512,8,-0.9118790734756587
nbits_within_context,hqq_nbits,spearman,aircraft | swin_base_patch4_window7_224_in22k | ft | 512,8,-0.9452300860699551
nbits_within_context,hqq_nbits,pearson,aircraft | swin_base_patch4_window7_224_in22k | fz | 8,8,-0.9203095074778049
nbits_within_context,hqq_nbits,spearman,aircraft | swin_base_patch4_window7_224_in22k | fz | 8,8,-0.9639253854237598
nbits_within_context,hqq_nbits,pearson,aircraft | swin_base_patch4_window7_224_in22k | fz | 32,8,-0.9150286390951401
nbits_within_context,hqq_nbits,spearman,aircraft | swin_base_patch4_window7_224_in22k | fz | 32,8,-0.9452300860699551
nbits_within_context,hqq_nbits,pearson,aircraft | swin_base_patch4_window7_224_in22k | fz | 128,8,-0.9117363195741899
nbits_within_context,hqq_nbits,spearman,aircraft | swin_base_patch4_window7_224_in22k | fz | 128,8,-0.9271050693011065
nbits_within_context,hqq_nbits,pearson,aircraft | swin_base_patch4_window7_224_in22k | fz | 512,8,-0.9118790734756587
nbits_within_context,hqq_nbits,spearman,aircraft | swin_base_patch4_window7_224_in22k | fz | 512,8,-0.9452300860699551
nbits_within_context,hqq_nbits,pearson,aircraft | vit_b16 | cal | 8,8,-0.8106108624571847
nbits_within_context,hqq_nbits,spearman,aircraft | vit_b16 | cal | 8,8,-0.8224729320348959
nbits_within_context,hqq_nbits,pearson,aircraft | vit_b16 | cal | 32,8,-0.8758806060006296
nbits_within_context,hqq_nbits,spearman,aircraft | vit_b16 | cal | 32,8,-0.934148484292342
nbits_within_context,hqq_nbits,pearson,aircraft | vit_b16 | cal | 128,8,-0.8799972160431868
nbits_within_context,hqq_nbits,spearman,aircraft | vit_b16 | cal | 128,8,-0.9697815168769669
nbits_within_context,hqq_nbits,pearson,aircraft | vit_b16 | cal | 512,8,-0.8829660627381922
nbits_within_context,hqq_nbits,spearman,aircraft | vit_b16 | cal | 512,8,-0.9697815168769669
nbits_within_context,hqq_nbits,pearson,aircraft | vit_b16 | ft | 8,8,-0.8602744946392005
nbits_within_context,hqq_nbits,spearman,aircraft | vit_b16 | ft | 8,8,-0.8224729320348959
nbits_within_context,hqq_nbits,pearson,aircraft | vit_b16 | ft | 32,8,-0.8415147030232338
nbits_within_context,hqq_nbits,spearman,aircraft | vit_b16 | ft | 32,8,-0.8224729320348959
nbits_within_context,hqq_nbits,pearson,aircraft | vit_b16 | ft | 128,8,-0.8439783510306804
nbits_within_context,hqq_nbits,spearman,aircraft | vit_b16 | ft | 128,8,-0.8224729320348959
nbits_within_context,hqq_nbits,pearson,aircraft | vit_b16 | ft | 512,8,-0.8459930195009523
nbits_within_context,hqq_nbits,spearman,aircraft | vit_b16 | ft | 512,8,-0.8224729320348959
nbits_within_context,hqq_nbits,pearson,aircraft | vit_b16 | fz | 8,8,-0.8619619105041857
nbits_within_context,hqq_nbits,spearman,aircraft | vit_b16 | fz | 8,8,-0.807287510292399
nbits_within_context,hqq_nbits,pearson,aircraft | vit_b16 | fz | 32,8,-0.8407377490128243
nbits_within_context,hqq_nbits,spearman,aircraft | vit_b16 | fz | 32,8,-0.8224729320348959
nbits_within_context,hqq_nbits,pearson,aircraft | vit_b16 | fz | 128,8,-0.8440629717666219
nbits_within_context,hqq_nbits,spearman,aircraft | vit_b16 | fz | 128,8,-0.8295150620062534
nbits_within_context,hqq_nbits,pearson,aircraft | vit_b16 | fz | 512,8,-0.8459930195009523
nbits_within_context,hqq_nbits,spearman,aircraft | vit_b16 | fz | 512,8,-0.8224729320348959
nbits_within_context,hqq_nbits,pearson,cars | beitv2_base_patch16_224_in22k | cal | 8,8,-0.8953623424868272
nbits_within_context,hqq_nbits,spearman,cars | beitv2_base_patch16_224_in22k | cal | 8,8,-0.9157291161525718
nbits_within_context,hqq_nbits,pearson,cars | beitv2_base_patch16_224_in22k | cal | 32,8,-0.8959434510147999
nbits_within_context,hqq_nbits,spearman,cars | beitv2_base_patch16_224_in22k | cal | 32,8,-0.9697815168769669
nbits_within_context,hqq_nbits,pearson,cars | beitv2_base_patch16_224_in22k | cal | 128,8,-0.8948838012666785
nbits_within_context,hqq_nbits,spearman,cars | beitv2_base_patch16_224_in22k | cal | 128,8,-0.9697815168769669
nbits_within_context,hqq_nbits,pearson,cars | beitv2_base_patch16_224_in22k | cal | 512,8,-0.8957106566583675
nbits_within_context,hqq_nbits,spearman,cars | beitv2_base_patch16_224_in22k | cal | 512,8,-0.95150257112482
nbits_within_context,hqq_nbits,pearson,cars | beitv2_base_patch16_224_in22k | ft | 8,8,-0.8944578770892188
nbits_within_context,hqq_nbits,spearman,cars | beitv2_base_patch16_224_in22k | ft | 8,8,-0.9700772721497397
nbits_within_context,hqq_nbits,pearson,cars | beitv2_base_patch16_224_in22k | ft | 32,8,-0.8750003266125501
nbits_within_context,hqq_nbits,spearman,cars | beitv2_base_patch16_224_in22k | ft | 32,8,-0.9759000729485332
nbits_within_context,hqq_nbits,pearson,cars | beitv2_base_patch16_224_in22k | ft | 128,8,-0.8748672668469446
nbits_within_context,hqq_nbits,spearman,cars | beitv2_base_patch16_224_in22k | ft | 128,8,-0.9697815168769669
nbits_within_context,hqq_nbits,pearson,cars | beitv2_base_patch16_224_in22k | ft | 512,8,-0.8749110460907389
nbits_within_context,hqq_nbits,spearman,cars | beitv2_base_patch16_224_in22k | ft | 512,8,-0.9697815168769669
nbits_within_context,hqq_nbits,pearson,cars | beitv2_base_patch16_224_in22k | fz | 8,8,-0.8906418401251002
nbits_within_context,hqq_nbits,spearman,cars | beitv2_base_patch16_224_in22k | fz | 8,8,-0.9157291161525718
nbits_within_context,hqq_nbits,pearson,cars | beitv2_base_patch16_224_in22k | fz | 32,8,-0.8748672668469447
nbits_within_context,hqq_nbits,spearman,cars | beitv2_base_patch16_224_in22k | fz | 32,8,-0.9697815168769669
nbits_within_context,hqq_nbits,pearson,cars | beitv2_base_patch16_224_in22k | fz | 128,8,-0.8748672668469446
nbits_within_context,hqq_nbits,spearman,cars | beitv2_base_patch16_224_in22k | fz | 128,8,-0.9697815168769669
nbits_within_context,hqq_nbits,pearson,cars | beitv2_base_patch16_224_in22k | fz | 512,8,-0.8749110460907389
nbits_within_context,hqq_nbits,spearman,cars | beitv2_base_patch16_224_in22k | fz | 512,8,-0.9697815168769669
nbits_within_context,hqq_nbits,pearson,cars | swin_base_patch4_window7_224_in22k | cal | 8,8,-0.9221113755192145
nbits_within_context,hqq_nbits,spearman,cars | swin_base_patch4_window7_224_in22k | cal | 8,8,-0.8982196964349441
nbits_within_context,hqq_nbits,pearson,cars | swin_base_patch4_window7_224_in22k | cal | 32,8,-0.930752976734532
nbits_within_context,hqq_nbits,spearman,cars | swin_base_patch4_window7_224_in22k | cal | 32,8,-0.9697815168769669
nbits_within_context,hqq_nbits,pearson,cars | swin_base_patch4_window7_224_in22k | cal | 128,8,-0.9284974921937404
nbits_within_context,hqq_nbits,spearman,cars | swin_base_patch4_window7_224_in22k | cal | 128,8,-0.95150257112482
nbits_within_context,hqq_nbits,pearson,cars | swin_base_patch4_window7_224_in22k | cal | 512,8,-0.9307900668887353
nbits_within_context,hqq_nbits,spearman,cars | swin_base_patch4_window7_224_in22k | cal | 512,8,-0.9697815168769669
nbits_within_context,hqq_nbits,pearson,cars | swin_base_patch4_window7_224_in22k | ft | 8,8,-0.9132658182268573
nbits_within_context,hqq_nbits,spearman,cars | swin_base_patch4_window7_224_in22k | ft | 8,8,-0.9452300860699551
nbits_within_context,hqq_nbits,pearson,cars | swin_base_patch4_window7_224_in22k | ft | 32,8,-0.9119278963487218
nbits_within_context,hqq_nbits,spearman,cars | swin_base_patch4_window7_224_in22k | ft | 32,8,-0.9271050693011065
nbits_within_context,hqq_nbits,pearson,cars | swin_base_patch4_window7_224_in22k | ft | 128,8,-0.9152222608602125
nbits_within_context,hqq_nbits,spearman,cars | swin_base_patch4_window7_224_in22k | ft | 128,8,-0.9277781834703689
nbits_within_context,hqq_nbits,pearson,cars | swin_base_patch4_window7_224_in22k | ft | 512,8,-0.9133824752696336
nbits_within_context,hqq_nbits,spearman,cars | swin_base_patch4_window7_224_in22k | ft | 512,8,-0.9452300860699551
nbits_within_context,hqq_nbits,pearson,cars | swin_base_patch4_window7_224_in22k | fz | 8,8,-0.9177307180745629
nbits_within_context,hqq_nbits,spearman,cars | swin_base_patch4_window7_224_in22k | fz | 8,8,-0.9452300860699551
nbits_within_context,hqq_nbits,pearson,cars | swin_base_patch4_window7_224_in22k | fz | 32,8,-0.9130156294276887
nbits_within_context,hqq_nbits,spearman,cars | swin_base_patch4_window7_224_in22k | fz | 32,8,-0.95150257112482
nbits_within_context,hqq_nbits,pearson,cars | swin_base_patch4_window7_224_in22k | fz | 128,8,-0.9087119229820377
nbits_within_context,hqq_nbits,spearman,cars | swin_base_patch4_window7_224_in22k | fz | 128,8,-0.8742671711966791
nbits_within_context,hqq_nbits,pearson,cars | swin_base_patch4_window7_224_in22k | fz | 512,8,-0.9071241319696217
nbits_within_context,hqq_nbits,spearman,cars | swin_base_patch4_window7_224_in22k | fz | 512,8,-0.8916309815169778
nbits_within_context,hqq_nbits,pearson,cars | vit_b16 | cal | 8,8,-0.8485981914855464
nbits_within_context,hqq_nbits,spearman,cars | vit_b16 | cal | 8,8,-0.8503146459584139
nbits_within_context,hqq_nbits,pearson,cars | vit_b16 | cal | 32,8,-0.888691498235144
nbits_within_context,hqq_nbits,spearman,cars | vit_b16 | cal | 32,8,-0.9697815168769669
nbits_within_context,hqq_nbits,pearson,cars | vit_b16 | cal | 128,8,-0.8893660822903587
nbits_within_context,hqq_nbits,spearman,cars | vit_b16 | cal | 128,8,-0.9697815168769669
nbits_within_context,hqq_nbits,pearson,cars | vit_b16 | cal | 512,8,-0.890535558917784
nbits_within_context,hqq_nbits,spearman,cars | vit_b16 | cal | 512,8,-0.9697815168769669
nbits_within_context,hqq_nbits,pearson,cars | vit_b16 | ft | 8,8,-0.8622697344050759
nbits_within_context,hqq_nbits,spearman,cars | vit_b16 | ft | 8,8,-0.8224729320348959
nbits_within_context,hqq_nbits,pearson,cars | vit_b16 | ft | 32,8,-0.8407377490128243
nbits_within_context,hqq_nbits,spearman,cars | vit_b16 | ft | 32,8,-0.8224729320348959
nbits_within_context,hqq_nbits,pearson,cars | vit_b16 | ft | 128,8,-0.8409451538231709
nbits_within_context,hqq_nbits,spearman,cars | vit_b16 | ft | 128,8,-0.8224729320348959
nbits_within_context,hqq_nbits,pearson,cars | vit_b16 | ft | 512,8,-0.8431051966917255
nbits_within_context,hqq_nbits,spearman,cars | vit_b16 | ft | 512,8,-0.8224729320348959
nbits_within_context,hqq_nbits,pearson,cars | vit_b16 | fz | 8,8,-0.8642713140243198
nbits_within_context,hqq_nbits,spearman,cars | vit_b16 | fz | 8,8,-0.8224729320348959
nbits_within_context,hqq_nbits,pearson,cars | vit_b16 | fz | 32,8,-0.8380430234490889
nbits_within_context,hqq_nbits,spearman,cars | vit_b16 | fz | 32,8,-0.7711403083390078
nbits_within_context,hqq_nbits,pearson,cars | vit_b16 | fz | 128,8,-0.8430062032605125
nbits_within_context,hqq_nbits,spearman,cars | vit_b16 | fz | 128,8,-0.8224729320348959
nbits_within_context,hqq_nbits,pearson,cars | vit_b16 | fz | 512,8,-0.8439783510306804
nbits_within_context,hqq_nbits,spearman,cars | vit_b16 | fz | 512,8,-0.8224729320348959
nbits_within_context,hqq_nbits,pearson,cub | beitv2_base_patch16_224_in22k | cal | 8,8,-0.911849040143361
nbits_within_context,hqq_nbits,spearman,cub | beitv2_base_patch16_224_in22k | cal | 8,8,-0.9880235200593538
nbits_within_context,hqq_nbits,pearson,cub | beitv2_base_patch16_224_in22k | cal | 32,8,-0.8910623764274486
nbits_within_context,hqq_nbits,spearman,cub | beitv2_base_patch16_224_in22k | cal | 32,8,-0.8434347122457898
nbits_within_context,hqq_nbits,pearson,cub | beitv2_base_patch16_224_in22k | cal | 128,8,-0.8924984905975043
nbits_within_context,hqq_nbits,spearman,cub | beitv2_base_patch16_224_in22k | cal | 128,8,-0.8961272244559315
nbits_within_context,hqq_nbits,pearson,cub | beitv2_base_patch16_224_in22k | cal | 512,8,-0.8937567015713395
nbits_within_context,hqq_nbits,spearman,cub | beitv2_base_patch16_224_in22k | cal | 512,8,-0.8783100656536799
nbits_within_context,hqq_nbits,pearson,cub | beitv2_base_patch16_224_in22k | ft | 8,8,-0.8926104096462373
nbits_within_context,hqq_nbits,spearman,cub | beitv2_base_patch16_224_in22k | ft | 8,8,-0.95150257112482
nbits_within_context,hqq_nbits,pearson,cub | beitv2_base_patch16_224_in22k | ft | 32,8,-0.8766401172005156
nbits_within_context,hqq_nbits,spearman,cub | beitv2_base_patch16_224_in22k | ft | 32,8,-0.9700772721497397
nbits_within_context,hqq_nbits,pearson,cub | beitv2_base_patch16_224_in22k | ft | 128,8,-0.8748672668469446
nbits_within_context,hqq_nbits,spearman,cub | beitv2_base_patch16_224_in22k | ft | 128,8,-0.9697815168769669
nbits_within_context,hqq_nbits,pearson,cub | beitv2_base_patch16_224_in22k | ft | 512,8,-0.8749110460907389
nbits_within_context,hqq_nbits,spearman,cub | beitv2_base_patch16_224_in22k | ft | 512,8,-0.9697815168769669
nbits_within_context,hqq_nbits,pearson,cub | beitv2_base_patch16_224_in22k | fz | 8,8,-0.8906418401251002
nbits_within_context,hqq_nbits,spearman,cub | beitv2_base_patch16_224_in22k | fz | 8,8,-0.9157291161525718
nbits_within_context,hqq_nbits,pearson,cub | beitv2_base_patch16_224_in22k | fz | 32,8,-0.8748672668469447
nbits_within_context,hqq_nbits,spearman,cub | beitv2_base_patch16_224_in22k | fz | 32,8,-0.9697815168769669
nbits_within_context,hqq_nbits,pearson,cub | beitv2_base_patch16_224_in22k | fz | 128,8,-0.8748672668469446
nbits_within_context,hqq_nbits,spearman,cub | beitv2_base_patch16_224_in22k | fz | 128,8,-0.9697815168769669
nbits_within_context,hqq_nbits,pearson,cub | beitv2_base_patch16_224_in22k | fz | 512,8,-0.8749110460907389
nbits_within_context,hqq_nbits,spearman,cub | beitv2_base_patch16_224_in22k | fz | 512,8,-0.9697815168769669
nbits_within_context,hqq_nbits,pearson,cub | swin_base_patch4_window7_224_in22k | cal | 8,8,-0.8885715742914879
nbits_within_context,hqq_nbits,spearman,cub | swin_base_patch4_window7_224_in22k | cal | 8,8,-0.8783100656536799
nbits_within_context,hqq_nbits,pearson,cub | swin_base_patch4_window7_224_in22k | cal | 32,8,-0.9093617772733253
nbits_within_context,hqq_nbits,spearman,cub | swin_base_patch4_window7_224_in22k | cal | 32,8,-0.95150257112482
nbits_within_context,hqq_nbits,pearson,cub | swin_base_patch4_window7_224_in22k | cal | 128,8,-0.9082906161872683
nbits_within_context,hqq_nbits,spearman,cub | swin_base_patch4_window7_224_in22k | cal | 128,8,-0.9452300860699551
nbits_within_context,hqq_nbits,pearson,cub | swin_base_patch4_window7_224_in22k | cal | 512,8,-0.9090584789809217
nbits_within_context,hqq_nbits,spearman,cub | swin_base_patch4_window7_224_in22k | cal | 512,8,-0.9452300860699551
nbits_within_context,hqq_nbits,pearson,cub | swin_base_patch4_window7_224_in22k | ft | 8,8,-0.9140054658537877
nbits_within_context,hqq_nbits,spearman,cub | swin_base_patch4_window7_224_in22k | ft | 8,8,-0.9452300860699551
nbits_within_context,hqq_nbits,pearson,cub | swin_base_patch4_window7_224_in22k | ft | 32,8,-0.9116019385015894
nbits_within_context,hqq_nbits,spearman,cub | swin_base_patch4_window7_224_in22k | ft | 32,8,-0.9101959590540767
nbits_within_context,hqq_nbits,pearson,cub | swin_base_patch4_window7_224_in22k | ft | 128,8,-0.91502863909514
nbits_within_context,hqq_nbits,spearman,cub | swin_base_patch4_window7_224_in22k | ft | 128,8,-0.9452300860699551
nbits_within_context,hqq_nbits,pearson,cub | swin_base_patch4_window7_224_in22k | ft | 512,8,-0.9134363443376105
nbits_within_context,hqq_nbits,spearman,cub | swin_base_patch4_window7_224_in22k | ft | 512,8,-0.9452300860699551
nbits_within_context,hqq_nbits,pearson,cub | swin_base_patch4_window7_224_in22k | fz | 8,8,-0.9172541429774381
nbits_within_context,hqq_nbits,spearman,cub | swin_base_patch4_window7_224_in22k | fz | 8,8,-0.934148484292342
nbits_within_context,hqq_nbits,pearson,cub | swin_base_patch4_window7_224_in22k | fz | 32,8,-0.9178286068697781
nbits_within_context,hqq_nbits,spearman,cub | swin_base_patch4_window7_224_in22k | fz | 32,8,-0.9700772721497397
nbits_within_context,hqq_nbits,pearson,cub | swin_base_patch4_window7_224_in22k | fz | 128,8,-0.9179587065058282
nbits_within_context,hqq_nbits,spearman,cub | swin_base_patch4_window7_224_in22k | fz | 128,8,-0.9639253854237598
nbits_within_context,hqq_nbits,pearson,cub | swin_base_patch4_window7_224_in22k | fz | 512,8,-0.9134363443376105
nbits_within_context,hqq_nbits,spearman,cub | swin_base_patch4_window7_224_in22k | fz | 512,8,-0.9452300860699551
nbits_within_context,hqq_nbits,pearson,cub | vit_b16 | cal | 8,8,-0.8888076095463373
nbits_within_context,hqq_nbits,spearman,cub | vit_b16 | cal | 8,8,-0.9221722216732094
nbits_within_context,hqq_nbits,pearson,cub | vit_b16 | cal | 32,8,-0.8884412260380419
nbits_within_context,hqq_nbits,spearman,cub | vit_b16 | cal | 32,8,-0.95150257112482
nbits_within_context,hqq_nbits,pearson,cub | vit_b16 | cal | 128,8,-0.8883709197703097
nbits_within_context,hqq_nbits,spearman,cub | vit_b16 | cal | 128,8,-0.9697815168769669
nbits_within_context,hqq_nbits,pearson,cub | vit_b16 | cal | 512,8,-0.890535558917784
nbits_within_context,hqq_nbits,spearman,cub | vit_b16 | cal | 512,8,-0.9697815168769669
nbits_within_context,hqq_nbits,pearson,cub | vit_b16 | ft | 8,8,-0.86427131402432
nbits_within_context,hqq_nbits,spearman,cub | vit_b16 | ft | 8,8,-0.8224729320348959
nbits_within_context,hqq_nbits,pearson,cub | vit_b16 | ft | 32,8,-0.8386416847790007
nbits_within_context,hqq_nbits,spearman,cub | vit_b16 | ft | 32,8,-0.8224729320348959
nbits_within_context,hqq_nbits,pearson,cub | vit_b16 | ft | 128,8,-0.8430062032605122
nbits_within_context,hqq_nbits,spearman,cub | vit_b16 | ft | 128,8,-0.8224729320348959
nbits_within_context,hqq_nbits,pearson,cub | vit_b16 | ft | 512,8,-0.8439783510306804
nbits_within_context,hqq_nbits,spearman,cub | vit_b16 | ft | 512,8,-0.8224729320348959
nbits_within_context,hqq_nbits,pearson,cub | vit_b16 | fz | 8,8,-0.8642713140243198
nbits_within_context,hqq_nbits,spearman,cub | vit_b16 | fz | 8,8,-0.8224729320348959
nbits_within_context,hqq_nbits,pearson,cub | vit_b16 | fz | 32,8,-0.8380430234490889
nbits_within_context,hqq_nbits,spearman,cub | vit_b16 | fz | 32,8,-0.7711403083390078
nbits_within_context,hqq_nbits,pearson,cub | vit_b16 | fz | 128,8,-0.8430062032605125
nbits_within_context,hqq_nbits,spearman,cub | vit_b16 | fz | 128,8,-0.8224729320348959
nbits_within_context,hqq_nbits,pearson,cub | vit_b16 | fz | 512,8,-0.8439783510306804
nbits_within_context,hqq_nbits,spearman,cub | vit_b16 | fz | 512,8,-0.8224729320348959
group_within_context,log2_group_size,pearson,aircraft | beitv2_base_patch16_224_in22k | cal | 1.0,4,0.9001525152136859
group_within_context,log2_group_size,spearman,aircraft | beitv2_base_patch16_224_in22k | cal | 1.0,4,1.0
group_within_context,log2_group_size,pearson,aircraft | beitv2_base_patch16_224_in22k | cal | 1.58,4,0.8784763905028639
group_within_context,log2_group_size,spearman,aircraft | beitv2_base_patch16_224_in22k | cal | 1.58,4,1.0
group_within_context,log2_group_size,pearson,aircraft | beitv2_base_patch16_224_in22k | cal | 2.0,4,0.9002326880624406
group_within_context,log2_group_size,spearman,aircraft | beitv2_base_patch16_224_in22k | cal | 2.0,4,1.0
group_within_context,log2_group_size,pearson,aircraft | beitv2_base_patch16_224_in22k | cal | 3.0,4,0.8747055122478834
group_within_context,log2_group_size,spearman,aircraft | beitv2_base_patch16_224_in22k | cal | 3.0,4,1.0
group_within_context,log2_group_size,pearson,aircraft | beitv2_base_patch16_224_in22k | cal | 4.0,4,0.8655235444508574
group_within_context,log2_group_size,spearman,aircraft | beitv2_base_patch16_224_in22k | cal | 4.0,4,1.0
group_within_context,log2_group_size,pearson,aircraft | beitv2_base_patch16_224_in22k | cal | 5.0,4,0.8793797009569806
group_within_context,log2_group_size,spearman,aircraft | beitv2_base_patch16_224_in22k | cal | 5.0,4,1.0
group_within_context,log2_group_size,pearson,aircraft | beitv2_base_patch16_224_in22k | cal | 6.0,4,0.8755836868436194
group_within_context,log2_group_size,spearman,aircraft | beitv2_base_patch16_224_in22k | cal | 6.0,4,1.0
group_within_context,log2_group_size,pearson,aircraft | beitv2_base_patch16_224_in22k | cal | 8.0,4,0.8755836868436194
group_within_context,log2_group_size,spearman,aircraft | beitv2_base_patch16_224_in22k | cal | 8.0,4,1.0
group_within_context,log2_group_size,pearson,aircraft | beitv2_base_patch16_224_in22k | ft | 1.0,4,0.8880648492518984
group_within_context,log2_group_size,spearman,aircraft | beitv2_base_patch16_224_in22k | ft | 1.0,4,1.0
group_within_context,log2_group_size,pearson,aircraft | beitv2_base_patch16_224_in22k | ft | 1.58,4,0.8836737295365628
group_within_context,log2_group_size,spearman,aircraft | beitv2_base_patch16_224_in22k | ft | 1.58,4,1.0
group_within_context,log2_group_size,pearson,aircraft | beitv2_base_patch16_224_in22k | ft | 2.0,4,0.8836737295365628
group_within_context,log2_group_size,spearman,aircraft | beitv2_base_patch16_224_in22k | ft | 2.0,4,1.0
group_within_context,log2_group_size,pearson,aircraft | beitv2_base_patch16_224_in22k | ft | 3.0,4,0.8778467846667298
group_within_context,log2_group_size,spearman,aircraft | beitv2_base_patch16_224_in22k | ft | 3.0,4,0.9486832980505139
group_within_context,log2_group_size,pearson,aircraft | beitv2_base_patch16_224_in22k | ft | 4.0,4,0.9575235099292032
group_within_context,log2_group_size,spearman,aircraft | beitv2_base_patch16_224_in22k | ft | 4.0,4,1.0
group_within_context,log2_group_size,pearson,aircraft | beitv2_base_patch16_224_in22k | ft | 5.0,4,0.8793797009569819
group_within_context,log2_group_size,spearman,aircraft | beitv2_base_patch16_224_in22k | ft | 5.0,4,1.0
group_within_context,log2_group_size,pearson,aircraft | beitv2_base_patch16_224_in22k | ft | 6.0,4,0.8793797009569819
group_within_context,log2_group_size,spearman,aircraft | beitv2_base_patch16_224_in22k | ft | 6.0,4,1.0
group_within_context,log2_group_size,pearson,aircraft | beitv2_base_patch16_224_in22k | ft | 8.0,4,0.875583686843621
group_within_context,log2_group_size,spearman,aircraft | beitv2_base_patch16_224_in22k | ft | 8.0,4,1.0
group_within_context,log2_group_size,pearson,aircraft | beitv2_base_patch16_224_in22k | fz | 1.0,4,0.8880648492518984
group_within_context,log2_group_size,spearman,aircraft | beitv2_base_patch16_224_in22k | fz | 1.0,4,1.0
group_within_context,log2_group_size,pearson,aircraft | beitv2_base_patch16_224_in22k | fz | 1.58,4,0.8836737295365628
group_within_context,log2_group_size,spearman,aircraft | beitv2_base_patch16_224_in22k | fz | 1.58,4,1.0
group_within_context,log2_group_size,pearson,aircraft | beitv2_base_patch16_224_in22k | fz | 2.0,4,0.8795868981079716
group_within_context,log2_group_size,spearman,aircraft | beitv2_base_patch16_224_in22k | fz | 2.0,4,1.0
group_within_context,log2_group_size,pearson,aircraft | beitv2_base_patch16_224_in22k | fz | 3.0,4,0.8778467846667298
group_within_context,log2_group_size,spearman,aircraft | beitv2_base_patch16_224_in22k | fz | 3.0,4,0.9486832980505139
group_within_context,log2_group_size,pearson,aircraft | beitv2_base_patch16_224_in22k | fz | 4.0,4,0.9484570742779901
group_within_context,log2_group_size,spearman,aircraft | beitv2_base_patch16_224_in22k | fz | 4.0,4,1.0
group_within_context,log2_group_size,pearson,aircraft | beitv2_base_patch16_224_in22k | fz | 5.0,4,0.8793797009569819
group_within_context,log2_group_size,spearman,aircraft | beitv2_base_patch16_224_in22k | fz | 5.0,4,1.0
group_within_context,log2_group_size,pearson,aircraft | beitv2_base_patch16_224_in22k | fz | 6.0,4,0.8793797009569819
group_within_context,log2_group_size,spearman,aircraft | beitv2_base_patch16_224_in22k | fz | 6.0,4,1.0
group_within_context,log2_group_size,pearson,aircraft | beitv2_base_patch16_224_in22k | fz | 8.0,4,0.8793797009569819
group_within_context,log2_group_size,spearman,aircraft | beitv2_base_patch16_224_in22k | fz | 8.0,4,1.0
group_within_context,log2_group_size,pearson,aircraft | swin_base_patch4_window7_224_in22k | cal | 1.0,4,0.9004723822308877
group_within_context,log2_group_size,spearman,aircraft | swin_base_patch4_window7_224_in22k | cal | 1.0,4,1.0
group_within_context,log2_group_size,pearson,aircraft | swin_base_patch4_window7_224_in22k | cal | 1.58,4,0.9051791996531052
group_within_context,log2_group_size,spearman,aircraft | swin_base_patch4_window7_224_in22k | cal | 1.58,4,1.0
group_within_context,log2_group_size,pearson,aircraft | swin_base_patch4_window7_224_in22k | cal | 2.0,4,0.8958245577282754
group_within_context,log2_group_size,spearman,aircraft | swin_base_patch4_window7_224_in22k | cal | 2.0,4,1.0
group_within_context,log2_group_size,pearson,aircraft | swin_base_patch4_window7_224_in22k | cal | 3.0,4,0.9482500876212864
group_within_context,log2_group_size,spearman,aircraft | swin_base_patch4_window7_224_in22k | cal | 3.0,4,1.0
group_within_context,log2_group_size,pearson,aircraft | swin_base_patch4_window7_224_in22k | cal | 4.0,4,0.9005098196483873
group_within_context,log2_group_size,spearman,aircraft | swin_base_patch4_window7_224_in22k | cal | 4.0,4,1.0
group_within_context,log2_group_size,pearson,aircraft | swin_base_patch4_window7_224_in22k | cal | 5.0,4,0.8778200146483071
group_within_context,log2_group_size,spearman,aircraft | swin_base_patch4_window7_224_in22k | cal | 5.0,4,1.0
group_within_context,log2_group_size,pearson,aircraft | swin_base_patch4_window7_224_in22k | cal | 6.0,4,0.8778200146483071
group_within_context,log2_group_size,spearman,aircraft | swin_base_patch4_window7_224_in22k | cal | 6.0,4,1.0
group_within_context,log2_group_size,pearson,aircraft | swin_base_patch4_window7_224_in22k | cal | 8.0,4,0.8778200146483071
group_within_context,log2_group_size,spearman,aircraft | swin_base_patch4_window7_224_in22k | cal | 8.0,4,1.0
group_within_context,log2_group_size,pearson,aircraft | swin_base_patch4_window7_224_in22k | ft | 1.0,4,0.9111870807870196
group_within_context,log2_group_size,spearman,aircraft | swin_base_patch4_window7_224_in22k | ft | 1.0,4,1.0
group_within_context,log2_group_size,pearson,aircraft | swin_base_patch4_window7_224_in22k | ft | 1.58,4,0.9054835723683171
group_within_context,log2_group_size,spearman,aircraft | swin_base_patch4_window7_224_in22k | ft | 1.58,4,1.0
group_within_context,log2_group_size,pearson,aircraft | swin_base_patch4_window7_224_in22k | ft | 2.0,4,0.9054835723683171
group_within_context,log2_group_size,spearman,aircraft | swin_base_patch4_window7_224_in22k | ft | 2.0,4,1.0
group_within_context,log2_group_size,pearson,aircraft | swin_base_patch4_window7_224_in22k | ft | 3.0,4,0.9558053709662484
group_within_context,log2_group_size,spearman,aircraft | swin_base_patch4_window7_224_in22k | ft | 3.0,4,1.0
group_within_context,log2_group_size,pearson,aircraft | swin_base_patch4_window7_224_in22k | ft | 4.0,4,0.9575235099292028
group_within_context,log2_group_size,spearman,aircraft | swin_base_patch4_window7_224_in22k | ft | 4.0,4,1.0
group_within_context,log2_group_size,pearson,aircraft | swin_base_patch4_window7_224_in22k | ft | 5.0,4,0.962458519257011
group_within_context,log2_group_size,spearman,aircraft | swin_base_patch4_window7_224_in22k | ft | 5.0,4,1.0
group_within_context,log2_group_size,pearson,aircraft | swin_base_patch4_window7_224_in22k | ft | 6.0,4,0.962458519257011
group_within_context,log2_group_size,spearman,aircraft | swin_base_patch4_window7_224_in22k | ft | 6.0,4,1.0
group_within_context,log2_group_size,pearson,aircraft | swin_base_patch4_window7_224_in22k | ft | 8.0,4,0.962458519257011
group_within_context,log2_group_size,spearman,aircraft | swin_base_patch4_window7_224_in22k | ft | 8.0,4,1.0
group_within_context,log2_group_size,pearson,aircraft | swin_base_patch4_window7_224_in22k | fz | 1.0,4,0.9111870807870196
group_within_context,log2_group_size,spearman,aircraft | swin_base_patch4_window7_224_in22k | fz | 1.0,4,1.0
group_within_context,log2_group_size,pearson,aircraft | swin_base_patch4_window7_224_in22k | fz | 1.58,4,0.9049448008311133
group_within_context,log2_group_size,spearman,aircraft | swin_base_patch4_window7_224_in22k | fz | 1.58,4,1.0
group_within_context,log2_group_size,pearson,aircraft | swin_base_patch4_window7_224_in22k | fz | 2.0,4,0.9005098196483865
group_within_context,log2_group_size,spearman,aircraft | swin_base_patch4_window7_224_in22k | fz | 2.0,4,1.0
group_within_context,log2_group_size,pearson,aircraft | swin_base_patch4_window7_224_in22k | fz | 3.0,4,0.9400420150616428
group_within_context,log2_group_size,spearman,aircraft | swin_base_patch4_window7_224_in22k | fz | 3.0,4,1.0
group_within_context,log2_group_size,pearson,aircraft | swin_base_patch4_window7_224_in22k | fz | 4.0,4,0.9690008464536747
group_within_context,log2_group_size,spearman,aircraft | swin_base_patch4_window7_224_in22k | fz | 4.0,4,1.0
group_within_context,log2_group_size,pearson,aircraft | swin_base_patch4_window7_224_in22k | fz | 5.0,4,0.962458519257011
group_within_context,log2_group_size,spearman,aircraft | swin_base_patch4_window7_224_in22k | fz | 5.0,4,1.0
group_within_context,log2_group_size,pearson,aircraft | swin_base_patch4_window7_224_in22k | fz | 6.0,4,0.9558053709662492
group_within_context,log2_group_size,spearman,aircraft | swin_base_patch4_window7_224_in22k | fz | 6.0,4,1.0
group_within_context,log2_group_size,pearson,aircraft | swin_base_patch4_window7_224_in22k | fz | 8.0,4,0.9558053709662492
group_within_context,log2_group_size,spearman,aircraft | swin_base_patch4_window7_224_in22k | fz | 8.0,4,1.0
group_within_context,log2_group_size,pearson,aircraft | vit_b16 | cal | 1.0,4,0.8836737295365632
group_within_context,log2_group_size,spearman,aircraft | vit_b16 | cal | 1.0,4,1.0
group_within_context,log2_group_size,pearson,aircraft | vit_b16 | cal | 1.58,4,0.9051791996531044
group_within_context,log2_group_size,spearman,aircraft | vit_b16 | cal | 1.58,4,1.0
group_within_context,log2_group_size,pearson,aircraft | vit_b16 | cal | 2.0,4,0.8871069392304931
group_within_context,log2_group_size,spearman,aircraft | vit_b16 | cal | 2.0,4,1.0
group_within_context,log2_group_size,pearson,aircraft | vit_b16 | cal | 3.0,4,0.863792650671195
group_within_context,log2_group_size,spearman,aircraft | vit_b16 | cal | 3.0,4,0.9486832980505139
group_within_context,log2_group_size,pearson,aircraft | vit_b16 | cal | 4.0,4,0.835655929151605
group_within_context,log2_group_size,spearman,aircraft | vit_b16 | cal | 4.0,4,1.0
group_within_context,log2_group_size,pearson,aircraft | vit_b16 | cal | 5.0,4,0.8471927251727261
group_within_context,log2_group_size,spearman,aircraft | vit_b16 | cal | 5.0,4,0.9486832980505139
group_within_context,log2_group_size,pearson,aircraft | vit_b16 | cal | 6.0,4,0.8685360059835754
group_within_context,log2_group_size,spearman,aircraft | vit_b16 | cal | 6.0,4,0.9486832980505139
group_within_context,log2_group_size,pearson,aircraft | vit_b16 | cal | 8.0,4,0.8471927251727261
group_within_context,log2_group_size,spearman,aircraft | vit_b16 | cal | 8.0,4,0.9486832980505139
group_within_context,log2_group_size,pearson,aircraft | vit_b16 | ft | 1.0,4,0.8836737295365626
group_within_context,log2_group_size,spearman,aircraft | vit_b16 | ft | 1.0,4,1.0
group_within_context,log2_group_size,pearson,aircraft | vit_b16 | ft | 1.58,4,0.8817450928459248
group_within_context,log2_group_size,spearman,aircraft | vit_b16 | ft | 1.58,4,0.9486832980505139
group_within_context,log2_group_size,pearson,aircraft | vit_b16 | ft | 2.0,4,0.8817450928459248
group_within_context,log2_group_size,spearman,aircraft | vit_b16 | ft | 2.0,4,0.9486832980505139
group_within_context,log2_group_size,pearson,aircraft | vit_b16 | ft | 3.0,4,0.8836737295365626
group_within_context,log2_group_size,spearman,aircraft | vit_b16 | ft | 3.0,4,1.0
group_within_context,log2_group_size,pearson,aircraft | vit_b16 | ft | 4.0,4,0.9484570742779901
group_within_context,log2_group_size,spearman,aircraft | vit_b16 | ft | 4.0,4,1.0
group_within_context,log2_group_size,pearson,aircraft | vit_b16 | ft | 5.0,4,0.8507194697026595
group_within_context,log2_group_size,spearman,aircraft | vit_b16 | ft | 5.0,4,0.9486832980505139
group_within_context,log2_group_size,pearson,aircraft | vit_b16 | ft | 6.0,4,0.8507194697026595
group_within_context,log2_group_size,spearman,aircraft | vit_b16 | ft | 6.0,4,0.9486832980505139
group_within_context,log2_group_size,pearson,aircraft | vit_b16 | ft | 8.0,4,0.8507194697026595
group_within_context,log2_group_size,spearman,aircraft | vit_b16 | ft | 8.0,4,0.9486832980505139
group_within_context,log2_group_size,pearson,aircraft | vit_b16 | fz | 1.0,4,0.901344309349669
group_within_context,log2_group_size,spearman,aircraft | vit_b16 | fz | 1.0,4,1.0
group_within_context,log2_group_size,pearson,aircraft | vit_b16 | fz | 1.58,4,0.8817450928459248
group_within_context,log2_group_size,spearman,aircraft | vit_b16 | fz | 1.58,4,0.9486832980505139
group_within_context,log2_group_size,pearson,aircraft | vit_b16 | fz | 2.0,4,0.887106939230495
group_within_context,log2_group_size,spearman,aircraft | vit_b16 | fz | 2.0,4,1.0
group_within_context,log2_group_size,pearson,aircraft | vit_b16 | fz | 3.0,4,0.8836737295365626
group_within_context,log2_group_size,spearman,aircraft | vit_b16 | fz | 3.0,4,1.0
group_within_context,log2_group_size,pearson,aircraft | vit_b16 | fz | 4.0,4,0.9484570742779901
group_within_context,log2_group_size,spearman,aircraft | vit_b16 | fz | 4.0,4,1.0
group_within_context,log2_group_size,pearson,aircraft | vit_b16 | fz | 5.0,4,0.8471927251727288
group_within_context,log2_group_size,spearman,aircraft | vit_b16 | fz | 5.0,4,0.9486832980505139
group_within_context,log2_group_size,pearson,aircraft | vit_b16 | fz | 6.0,4,0.8507194697026595
group_within_context,log2_group_size,spearman,aircraft | vit_b16 | fz | 6.0,4,0.9486832980505139
group_within_context,log2_group_size,pearson,aircraft | vit_b16 | fz | 8.0,4,0.8471927251727288
group_within_context,log2_group_size,spearman,aircraft | vit_b16 | fz | 8.0,4,0.9486832980505139
group_within_context,log2_group_size,pearson,cars | beitv2_base_patch16_224_in22k | cal | 1.0,4,0.8880648492518982
group_within_context,log2_group_size,spearman,cars | beitv2_base_patch16_224_in22k | cal | 1.0,4,1.0
group_within_context,log2_group_size,pearson,cars | beitv2_base_patch16_224_in22k | cal | 1.58,4,0.8984407150277087
group_within_context,log2_group_size,spearman,cars | beitv2_base_patch16_224_in22k | cal | 1.58,4,1.0
group_within_context,log2_group_size,pearson,cars | beitv2_base_patch16_224_in22k | cal | 2.0,4,0.9161573349021881
group_within_context,log2_group_size,spearman,cars | beitv2_base_patch16_224_in22k | cal | 2.0,4,1.0
group_within_context,log2_group_size,pearson,cars | beitv2_base_patch16_224_in22k | cal | 3.0,4,0.8785232436000439
group_within_context,log2_group_size,spearman,cars | beitv2_base_patch16_224_in22k | cal | 3.0,4,0.9486832980505139
group_within_context,log2_group_size,pearson,cars | beitv2_base_patch16_224_in22k | cal | 4.0,4,0.8836737295365624
group_within_context,log2_group_size,spearman,cars | beitv2_base_patch16_224_in22k | cal | 4.0,4,1.0
group_within_context,log2_group_size,pearson,cars | beitv2_base_patch16_224_in22k | cal | 5.0,4,0.8793797009569805
group_within_context,log2_group_size,spearman,cars | beitv2_base_patch16_224_in22k | cal | 5.0,4,1.0
group_within_context,log2_group_size,pearson,cars | beitv2_base_patch16_224_in22k | cal | 6.0,4,0.8836737295365613
group_within_context,log2_group_size,spearman,cars | beitv2_base_patch16_224_in22k | cal | 6.0,4,1.0
group_within_context,log2_group_size,pearson,cars | beitv2_base_patch16_224_in22k | cal | 8.0,4,0.8836737295365613
group_within_context,log2_group_size,spearman,cars | beitv2_base_patch16_224_in22k | cal | 8.0,4,1.0
group_within_context,log2_group_size,pearson,cars | beitv2_base_patch16_224_in22k | ft | 1.0,4,0.8880648492518984
group_within_context,log2_group_size,spearman,cars | beitv2_base_patch16_224_in22k | ft | 1.0,4,1.0
group_within_context,log2_group_size,pearson,cars | beitv2_base_patch16_224_in22k | ft | 1.58,4,0.8836737295365628
group_within_context,log2_group_size,spearman,cars | beitv2_base_patch16_224_in22k | ft | 1.58,4,1.0
group_within_context,log2_group_size,pearson,cars | beitv2_base_patch16_224_in22k | ft | 2.0,4,0.9054835723683167
group_within_context,log2_group_size,spearman,cars | beitv2_base_patch16_224_in22k | ft | 2.0,4,1.0
group_within_context,log2_group_size,pearson,cars | beitv2_base_patch16_224_in22k | ft | 3.0,4,0.878476390502864
group_within_context,log2_group_size,spearman,cars | beitv2_base_patch16_224_in22k | ft | 3.0,4,1.0
group_within_context,log2_group_size,pearson,cars | beitv2_base_patch16_224_in22k | ft | 4.0,4,0.9575235099292032
group_within_context,log2_group_size,spearman,cars | beitv2_base_patch16_224_in22k | ft | 4.0,4,1.0
group_within_context,log2_group_size,pearson,cars | beitv2_base_patch16_224_in22k | ft | 5.0,4,0.8793797009569819
group_within_context,log2_group_size,spearman,cars | beitv2_base_patch16_224_in22k | ft | 5.0,4,1.0
group_within_context,log2_group_size,pearson,cars | beitv2_base_patch16_224_in22k | ft | 6.0,4,0.875583686843621
group_within_context,log2_group_size,spearman,cars | beitv2_base_patch16_224_in22k | ft | 6.0,4,1.0
group_within_context,log2_group_size,pearson,cars | beitv2_base_patch16_224_in22k | ft | 8.0,4,0.875583686843621
group_within_context,log2_group_size,spearman,cars | beitv2_base_patch16_224_in22k | ft | 8.0,4,1.0
group_within_context,log2_group_size,pearson,cars | beitv2_base_patch16_224_in22k | fz | 1.0,4,0.8880648492518984
group_within_context,log2_group_size,spearman,cars | beitv2_base_patch16_224_in22k | fz | 1.0,4,1.0
group_within_context,log2_group_size,pearson,cars | beitv2_base_patch16_224_in22k | fz | 1.58,4,0.8836737295365628
group_within_context,log2_group_size,spearman,cars | beitv2_base_patch16_224_in22k | fz | 1.58,4,1.0
group_within_context,log2_group_size,pearson,cars | beitv2_base_patch16_224_in22k | fz | 2.0,4,0.8836737295365628
group_within_context,log2_group_size,spearman,cars | beitv2_base_patch16_224_in22k | fz | 2.0,4,1.0
group_within_context,log2_group_size,pearson,cars | beitv2_base_patch16_224_in22k | fz | 3.0,4,0.878476390502864
group_within_context,log2_group_size,spearman,cars | beitv2_base_patch16_224_in22k | fz | 3.0,4,1.0
group_within_context,log2_group_size,pearson,cars | beitv2_base_patch16_224_in22k | fz | 4.0,4,0.9484570742779901
group_within_context,log2_group_size,spearman,cars | beitv2_base_patch16_224_in22k | fz | 4.0,4,1.0
group_within_context,log2_group_size,pearson,cars | beitv2_base_patch16_224_in22k | fz | 5.0,4,0.875583686843621
group_within_context,log2_group_size,spearman,cars | beitv2_base_patch16_224_in22k | fz | 5.0,4,1.0
group_within_context,log2_group_size,pearson,cars | beitv2_base_patch16_224_in22k | fz | 6.0,4,0.8793797009569819
group_within_context,log2_group_size,spearman,cars | beitv2_base_patch16_224_in22k | fz | 6.0,4,1.0
group_within_context,log2_group_size,pearson,cars | beitv2_base_patch16_224_in22k | fz | 8.0,4,0.8793797009569819
group_within_context,log2_group_size,spearman,cars | beitv2_base_patch16_224_in22k | fz | 8.0,4,1.0
group_within_context,log2_group_size,pearson,cars | swin_base_patch4_window7_224_in22k | cal | 1.0,4,0.87421435276135
group_within_context,log2_group_size,spearman,cars | swin_base_patch4_window7_224_in22k | cal | 1.0,4,1.0
group_within_context,log2_group_size,pearson,cars | swin_base_patch4_window7_224_in22k | cal | 1.58,4,0.876414762711415
group_within_context,log2_group_size,spearman,cars | swin_base_patch4_window7_224_in22k | cal | 1.58,4,1.0
group_within_context,log2_group_size,pearson,cars | swin_base_patch4_window7_224_in22k | cal | 2.0,4,0.8770755751227269
group_within_context,log2_group_size,spearman,cars | swin_base_patch4_window7_224_in22k | cal | 2.0,4,1.0
group_within_context,log2_group_size,pearson,cars | swin_base_patch4_window7_224_in22k | cal | 3.0,4,0.8708242289029807
group_within_context,log2_group_size,spearman,cars | swin_base_patch4_window7_224_in22k | cal | 3.0,4,1.0
group_within_context,log2_group_size,pearson,cars | swin_base_patch4_window7_224_in22k | cal | 4.0,4,0.8606336286660612
group_within_context,log2_group_size,spearman,cars | swin_base_patch4_window7_224_in22k | cal | 4.0,4,1.0
group_within_context,log2_group_size,pearson,cars | swin_base_patch4_window7_224_in22k | cal | 5.0,4,0.9051791996531056
group_within_context,log2_group_size,spearman,cars | swin_base_patch4_window7_224_in22k | cal | 5.0,4,1.0
group_within_context,log2_group_size,pearson,cars | swin_base_patch4_window7_224_in22k | cal | 6.0,4,0.9101878394602524
group_within_context,log2_group_size,spearman,cars | swin_base_patch4_window7_224_in22k | cal | 6.0,4,1.0
group_within_context,log2_group_size,pearson,cars | swin_base_patch4_window7_224_in22k | cal | 8.0,4,0.9101878394602524
group_within_context,log2_group_size,spearman,cars | swin_base_patch4_window7_224_in22k | cal | 8.0,4,1.0
group_within_context,log2_group_size,pearson,cars | swin_base_patch4_window7_224_in22k | ft | 1.0,4,0.8930487379485776
group_within_context,log2_group_size,spearman,cars | swin_base_patch4_window7_224_in22k | ft | 1.0,4,1.0
group_within_context,log2_group_size,pearson,cars | swin_base_patch4_window7_224_in22k | ft | 1.58,4,0.9051791996531046
group_within_context,log2_group_size,spearman,cars | swin_base_patch4_window7_224_in22k | ft | 1.58,4,1.0
group_within_context,log2_group_size,pearson,cars | swin_base_patch4_window7_224_in22k | ft | 2.0,4,0.8871069392304933
group_within_context,log2_group_size,spearman,cars | swin_base_patch4_window7_224_in22k | ft | 2.0,4,1.0
group_within_context,log2_group_size,pearson,cars | swin_base_patch4_window7_224_in22k | ft | 3.0,4,0.9485347784002449
group_within_context,log2_group_size,spearman,cars | swin_base_patch4_window7_224_in22k | ft | 3.0,4,1.0
group_within_context,log2_group_size,pearson,cars | swin_base_patch4_window7_224_in22k | ft | 4.0,4,0.9663296012954529
group_within_context,log2_group_size,spearman,cars | swin_base_patch4_window7_224_in22k | ft | 4.0,4,1.0
group_within_context,log2_group_size,pearson,cars | swin_base_patch4_window7_224_in22k | ft | 5.0,4,0.9673593937651399
group_within_context,log2_group_size,spearman,cars | swin_base_patch4_window7_224_in22k | ft | 5.0,4,1.0
group_within_context,log2_group_size,pearson,cars | swin_base_patch4_window7_224_in22k | ft | 6.0,4,0.9558053709662492
group_within_context,log2_group_size,spearman,cars | swin_base_patch4_window7_224_in22k | ft | 6.0,4,1.0
group_within_context,log2_group_size,pearson,cars | swin_base_patch4_window7_224_in22k | ft | 8.0,4,0.9673593937651399
group_within_context,log2_group_size,spearman,cars | swin_base_patch4_window7_224_in22k | ft | 8.0,4,1.0
group_within_context,log2_group_size,pearson,cars | swin_base_patch4_window7_224_in22k | fz | 1.0,4,0.9111870807870196
group_within_context,log2_group_size,spearman,cars | swin_base_patch4_window7_224_in22k | fz | 1.0,4,1.0
group_within_context,log2_group_size,pearson,cars | swin_base_patch4_window7_224_in22k | fz | 1.58,4,0.8871069392304933
group_within_context,log2_group_size,spearman,cars | swin_base_patch4_window7_224_in22k | fz | 1.58,4,1.0
group_within_context,log2_group_size,pearson,cars | swin_base_patch4_window7_224_in22k | fz | 2.0,4,0.8985722732456449
group_within_context,log2_group_size,spearman,cars | swin_base_patch4_window7_224_in22k | fz | 2.0,4,0.9486832980505139
group_within_context,log2_group_size,pearson,cars | swin_base_patch4_window7_224_in22k | fz | 3.0,4,0.931658856887413
group_within_context,log2_group_size,spearman,cars | swin_base_patch4_window7_224_in22k | fz | 3.0,4,0.9486832980505139
group_within_context,log2_group_size,pearson,cars | swin_base_patch4_window7_224_in22k | fz | 4.0,4,0.9385271477252632
group_within_context,log2_group_size,spearman,cars | swin_base_patch4_window7_224_in22k | fz | 4.0,4,0.9486832980505139
group_within_context,log2_group_size,pearson,cars | swin_base_patch4_window7_224_in22k | fz | 5.0,4,0.9558818627604627
group_within_context,log2_group_size,spearman,cars | swin_base_patch4_window7_224_in22k | fz | 5.0,4,1.0
group_within_context,log2_group_size,pearson,cars | swin_base_patch4_window7_224_in22k | fz | 6.0,4,0.9754822729278104
group_within_context,log2_group_size,spearman,cars | swin_base_patch4_window7_224_in22k | fz | 6.0,4,1.0
group_within_context,log2_group_size,pearson,cars | swin_base_patch4_window7_224_in22k | fz | 8.0,4,0.962458519257011
group_within_context,log2_group_size,spearman,cars | swin_base_patch4_window7_224_in22k | fz | 8.0,4,1.0
group_within_context,log2_group_size,pearson,cars | vit_b16 | cal | 1.0,4,0.9051791996531054
group_within_context,log2_group_size,spearman,cars | vit_b16 | cal | 1.0,4,1.0
group_within_context,log2_group_size,pearson,cars | vit_b16 | cal | 1.58,4,0.8920614313179744
group_within_context,log2_group_size,spearman,cars | vit_b16 | cal | 1.58,4,1.0
group_within_context,log2_group_size,pearson,cars | vit_b16 | cal | 2.0,4,0.8871069392304947
group_within_context,log2_group_size,spearman,cars | vit_b16 | cal | 2.0,4,1.0
group_within_context,log2_group_size,pearson,cars | vit_b16 | cal | 3.0,4,0.8836737295365623
group_within_context,log2_group_size,spearman,cars | vit_b16 | cal | 3.0,4,1.0
group_within_context,log2_group_size,pearson,cars | vit_b16 | cal | 4.0,4,0.8930487379485779
group_within_context,log2_group_size,spearman,cars | vit_b16 | cal | 4.0,4,1.0
group_within_context,log2_group_size,pearson,cars | vit_b16 | cal | 5.0,4,0.8717628266057598
group_within_context,log2_group_size,spearman,cars | vit_b16 | cal | 5.0,4,0.9486832980505139
group_within_context,log2_group_size,pearson,cars | vit_b16 | cal | 6.0,4,0.8717628266057598
group_within_context,log2_group_size,spearman,cars | vit_b16 | cal | 6.0,4,0.9486832980505139
group_within_context,log2_group_size,pearson,cars | vit_b16 | cal | 8.0,4,0.6741998624632398
group_within_context,log2_group_size,spearman,cars | vit_b16 | cal | 8.0,4,0.7378647873726218
group_within_context,log2_group_size,pearson,cars | vit_b16 | ft | 1.0,4,0.8880639932941966
group_within_context,log2_group_size,spearman,cars | vit_b16 | ft | 1.0,4,1.0
group_within_context,log2_group_size,pearson,cars | vit_b16 | ft | 1.58,4,0.887106939230495
group_within_context,log2_group_size,spearman,cars | vit_b16 | ft | 1.58,4,1.0
group_within_context,log2_group_size,pearson,cars | vit_b16 | ft | 2.0,4,0.887106939230495
group_within_context,log2_group_size,spearman,cars | vit_b16 | ft | 2.0,4,1.0
group_within_context,log2_group_size,pearson,cars | vit_b16 | ft | 3.0,4,0.8836737295365626
group_within_context,log2_group_size,spearman,cars | vit_b16 | ft | 3.0,4,1.0
group_within_context,log2_group_size,pearson,cars | vit_b16 | ft | 4.0,4,0.935198316861919
group_within_context,log2_group_size,spearman,cars | vit_b16 | ft | 4.0,4,1.0
group_within_context,log2_group_size,pearson,cars | vit_b16 | ft | 5.0,4,0.8471927251727288
group_within_context,log2_group_size,spearman,cars | vit_b16 | ft | 5.0,4,0.9486832980505139
group_within_context,log2_group_size,pearson,cars | vit_b16 | ft | 6.0,4,0.8471927251727288
group_within_context,log2_group_size,spearman,cars | vit_b16 | ft | 6.0,4,0.9486832980505139
group_within_context,log2_group_size,pearson,cars | vit_b16 | ft | 8.0,4,0.8471927251727288
group_within_context,log2_group_size,spearman,cars | vit_b16 | ft | 8.0,4,0.9486832980505139
group_within_context,log2_group_size,pearson,cars | vit_b16 | fz | 1.0,4,0.8880639932941966
group_within_context,log2_group_size,spearman,cars | vit_b16 | fz | 1.0,4,1.0
group_within_context,log2_group_size,pearson,cars | vit_b16 | fz | 1.58,4,0.887106939230495
group_within_context,log2_group_size,spearman,cars | vit_b16 | fz | 1.58,4,1.0
group_within_context,log2_group_size,pearson,cars | vit_b16 | fz | 2.0,4,0.887106939230495
group_within_context,log2_group_size,spearman,cars | vit_b16 | fz | 2.0,4,1.0
group_within_context,log2_group_size,pearson,cars | vit_b16 | fz | 3.0,4,0.8637926506711949
group_within_context,log2_group_size,spearman,cars | vit_b16 | fz | 3.0,4,0.9486832980505139
group_within_context,log2_group_size,pearson,cars | vit_b16 | fz | 4.0,4,0.9436249558370662
group_within_context,log2_group_size,spearman,cars | vit_b16 | fz | 4.0,4,0.9486832980505139
group_within_context,log2_group_size,pearson,cars | vit_b16 | fz | 5.0,4,0.8675177498900183
group_within_context,log2_group_size,spearman,cars | vit_b16 | fz | 5.0,4,0.9486832980505139
group_within_context,log2_group_size,pearson,cars | vit_b16 | fz | 6.0,4,0.8471927251727288
group_within_context,log2_group_size,spearman,cars | vit_b16 | fz | 6.0,4,0.9486832980505139
group_within_context,log2_group_size,pearson,cars | vit_b16 | fz | 8.0,4,0.8471927251727288
group_within_context,log2_group_size,spearman,cars | vit_b16 | fz | 8.0,4,0.9486832980505139
group_within_context,log2_group_size,pearson,cub | beitv2_base_patch16_224_in22k | cal | 1.0,4,0.8930487379485783
group_within_context,log2_group_size,spearman,cub | beitv2_base_patch16_224_in22k | cal | 1.0,4,1.0
group_within_context,log2_group_size,pearson,cub | beitv2_base_patch16_224_in22k | cal | 1.58,4,0.9482073403495367
group_within_context,log2_group_size,spearman,cub | beitv2_base_patch16_224_in22k | cal | 1.58,4,1.0
group_within_context,log2_group_size,pearson,cub | beitv2_base_patch16_224_in22k | cal | 2.0,4,0.9681291102666821
group_within_context,log2_group_size,spearman,cub | beitv2_base_patch16_224_in22k | cal | 2.0,4,1.0
group_within_context,log2_group_size,pearson,cub | beitv2_base_patch16_224_in22k | cal | 3.0,4,0.8344507233239812
group_within_context,log2_group_size,spearman,cub | beitv2_base_patch16_224_in22k | cal | 3.0,4,0.9486832980505139
group_within_context,log2_group_size,pearson,cub | beitv2_base_patch16_224_in22k | cal | 4.0,4,0.9013443093496691
group_within_context,log2_group_size,spearman,cub | beitv2_base_patch16_224_in22k | cal | 4.0,4,1.0
group_within_context,log2_group_size,pearson,cub | beitv2_base_patch16_224_in22k | cal | 5.0,4,0.9013443093496674
group_within_context,log2_group_size,spearman,cub | beitv2_base_patch16_224_in22k | cal | 5.0,4,1.0
group_within_context,log2_group_size,pearson,cub | beitv2_base_patch16_224_in22k | cal | 6.0,4,0.8793797009569805
group_within_context,log2_group_size,spearman,cub | beitv2_base_patch16_224_in22k | cal | 6.0,4,1.0
group_within_context,log2_group_size,pearson,cub | beitv2_base_patch16_224_in22k | cal | 8.0,4,0.8793797009569805
group_within_context,log2_group_size,spearman,cub | beitv2_base_patch16_224_in22k | cal | 8.0,4,1.0
group_within_context,log2_group_size,pearson,cub | beitv2_base_patch16_224_in22k | ft | 1.0,4,0.8880648492518984
group_within_context,log2_group_size,spearman,cub | beitv2_base_patch16_224_in22k | ft | 1.0,4,1.0
group_within_context,log2_group_size,pearson,cub | beitv2_base_patch16_224_in22k | ft | 1.58,4,0.8960789381293541
group_within_context,log2_group_size,spearman,cub | beitv2_base_patch16_224_in22k | ft | 1.58,4,1.0
group_within_context,log2_group_size,pearson,cub | beitv2_base_patch16_224_in22k | ft | 2.0,4,0.8836737295365628
group_within_context,log2_group_size,spearman,cub | beitv2_base_patch16_224_in22k | ft | 2.0,4,1.0
group_within_context,log2_group_size,pearson,cub | beitv2_base_patch16_224_in22k | ft | 3.0,4,0.878476390502864
group_within_context,log2_group_size,spearman,cub | beitv2_base_patch16_224_in22k | ft | 3.0,4,1.0
group_within_context,log2_group_size,pearson,cub | beitv2_base_patch16_224_in22k | ft | 4.0,4,0.9575235099292032
group_within_context,log2_group_size,spearman,cub | beitv2_base_patch16_224_in22k | ft | 4.0,4,1.0
group_within_context,log2_group_size,pearson,cub | beitv2_base_patch16_224_in22k | ft | 5.0,4,0.8793797009569819
group_within_context,log2_group_size,spearman,cub | beitv2_base_patch16_224_in22k | ft | 5.0,4,1.0
group_within_context,log2_group_size,pearson,cub | beitv2_base_patch16_224_in22k | ft | 6.0,4,0.8793797009569819
group_within_context,log2_group_size,spearman,cub | beitv2_base_patch16_224_in22k | ft | 6.0,4,1.0
group_within_context,log2_group_size,pearson,cub | beitv2_base_patch16_224_in22k | ft | 8.0,4,0.8966743613306984
group_within_context,log2_group_size,spearman,cub | beitv2_base_patch16_224_in22k | ft | 8.0,4,1.0
group_within_context,log2_group_size,pearson,cub | beitv2_base_patch16_224_in22k | fz | 1.0,4,0.8880648492518984
group_within_context,log2_group_size,spearman,cub | beitv2_base_patch16_224_in22k | fz | 1.0,4,1.0
group_within_context,log2_group_size,pearson,cub | beitv2_base_patch16_224_in22k | fz | 1.58,4,0.8836737295365628
group_within_context,log2_group_size,spearman,cub | beitv2_base_patch16_224_in22k | fz | 1.58,4,1.0
group_within_context,log2_group_size,pearson,cub | beitv2_base_patch16_224_in22k | fz | 2.0,4,0.8836737295365628
group_within_context,log2_group_size,spearman,cub | beitv2_base_patch16_224_in22k | fz | 2.0,4,1.0
group_within_context,log2_group_size,pearson,cub | beitv2_base_patch16_224_in22k | fz | 3.0,4,0.878476390502864
group_within_context,log2_group_size,spearman,cub | beitv2_base_patch16_224_in22k | fz | 3.0,4,1.0
group_within_context,log2_group_size,pearson,cub | beitv2_base_patch16_224_in22k | fz | 4.0,4,0.9484570742779901
group_within_context,log2_group_size,spearman,cub | beitv2_base_patch16_224_in22k | fz | 4.0,4,1.0
group_within_context,log2_group_size,pearson,cub | beitv2_base_patch16_224_in22k | fz | 5.0,4,0.875583686843621
group_within_context,log2_group_size,spearman,cub | beitv2_base_patch16_224_in22k | fz | 5.0,4,1.0
group_within_context,log2_group_size,pearson,cub | beitv2_base_patch16_224_in22k | fz | 6.0,4,0.8793797009569819
group_within_context,log2_group_size,spearman,cub | beitv2_base_patch16_224_in22k | fz | 6.0,4,1.0
group_within_context,log2_group_size,pearson,cub | beitv2_base_patch16_224_in22k | fz | 8.0,4,0.8793797009569819
group_within_context,log2_group_size,spearman,cub | beitv2_base_patch16_224_in22k | fz | 8.0,4,1.0
group_within_context,log2_group_size,pearson,cub | swin_base_patch4_window7_224_in22k | cal | 1.0,4,0.8711631095289857
group_within_context,log2_group_size,spearman,cub | swin_base_patch4_window7_224_in22k | cal | 1.0,4,1.0
group_within_context,log2_group_size,pearson,cub | swin_base_patch4_window7_224_in22k | cal | 1.58,4,0.8798238683140712
group_within_context,log2_group_size,spearman,cub | swin_base_patch4_window7_224_in22k | cal | 1.58,4,1.0
group_within_context,log2_group_size,pearson,cub | swin_base_patch4_window7_224_in22k | cal | 2.0,4,0.9273299853278261
group_within_context,log2_group_size,spearman,cub | swin_base_patch4_window7_224_in22k | cal | 2.0,4,1.0
group_within_context,log2_group_size,pearson,cub | swin_base_patch4_window7_224_in22k | cal | 3.0,4,0.8837432866835784
group_within_context,log2_group_size,spearman,cub | swin_base_patch4_window7_224_in22k | cal | 3.0,4,1.0
group_within_context,log2_group_size,pearson,cub | swin_base_patch4_window7_224_in22k | cal | 4.0,4,0.8839297253959312
group_within_context,log2_group_size,spearman,cub | swin_base_patch4_window7_224_in22k | cal | 4.0,4,1.0
group_within_context,log2_group_size,pearson,cub | swin_base_patch4_window7_224_in22k | cal | 5.0,4,0.9002326880624409
group_within_context,log2_group_size,spearman,cub | swin_base_patch4_window7_224_in22k | cal | 5.0,4,1.0
group_within_context,log2_group_size,pearson,cub | swin_base_patch4_window7_224_in22k | cal | 6.0,4,0.9002326880624409
group_within_context,log2_group_size,spearman,cub | swin_base_patch4_window7_224_in22k | cal | 6.0,4,1.0
group_within_context,log2_group_size,pearson,cub | swin_base_patch4_window7_224_in22k | cal | 8.0,4,0.9002326880624409
group_within_context,log2_group_size,spearman,cub | swin_base_patch4_window7_224_in22k | cal | 8.0,4,1.0
group_within_context,log2_group_size,pearson,cub | swin_base_patch4_window7_224_in22k | ft | 1.0,4,0.9111870807870196
group_within_context,log2_group_size,spearman,cub | swin_base_patch4_window7_224_in22k | ft | 1.0,4,1.0
group_within_context,log2_group_size,pearson,cub | swin_base_patch4_window7_224_in22k | ft | 1.58,4,0.9051791996531046
group_within_context,log2_group_size,spearman,cub | swin_base_patch4_window7_224_in22k | ft | 1.58,4,1.0
group_within_context,log2_group_size,pearson,cub | swin_base_patch4_window7_224_in22k | ft | 2.0,4,0.8871069392304933
group_within_context,log2_group_size,spearman,cub | swin_base_patch4_window7_224_in22k | ft | 2.0,4,1.0
group_within_context,log2_group_size,pearson,cub | swin_base_patch4_window7_224_in22k | ft | 3.0,4,0.9485347784002449
group_within_context,log2_group_size,spearman,cub | swin_base_patch4_window7_224_in22k | ft | 3.0,4,1.0
group_within_context,log2_group_size,pearson,cub | swin_base_patch4_window7_224_in22k | ft | 4.0,4,0.9575235099292025
group_within_context,log2_group_size,spearman,cub | swin_base_patch4_window7_224_in22k | ft | 4.0,4,1.0
group_within_context,log2_group_size,pearson,cub | swin_base_patch4_window7_224_in22k | ft | 5.0,4,0.9754822729278104
group_within_context,log2_group_size,spearman,cub | swin_base_patch4_window7_224_in22k | ft | 5.0,4,1.0
group_within_context,log2_group_size,pearson,cub | swin_base_patch4_window7_224_in22k | ft | 6.0,4,0.9841876199856249
group_within_context,log2_group_size,spearman,cub | swin_base_patch4_window7_224_in22k | ft | 6.0,4,1.0
group_within_context,log2_group_size,pearson,cub | swin_base_patch4_window7_224_in22k | ft | 8.0,4,0.9754822729278104
group_within_context,log2_group_size,spearman,cub | swin_base_patch4_window7_224_in22k | ft | 8.0,4,1.0
group_within_context,log2_group_size,pearson,cub | swin_base_patch4_window7_224_in22k | fz | 1.0,4,0.9111870807870196
group_within_context,log2_group_size,spearman,cub | swin_base_patch4_window7_224_in22k | fz | 1.0,4,1.0
group_within_context,log2_group_size,pearson,cub | swin_base_patch4_window7_224_in22k | fz | 1.58,4,0.8920614313179731
group_within_context,log2_group_size,spearman,cub | swin_base_patch4_window7_224_in22k | fz | 1.58,4,1.0
group_within_context,log2_group_size,pearson,cub | swin_base_patch4_window7_224_in22k | fz | 2.0,4,0.9051791996531046
group_within_context,log2_group_size,spearman,cub | swin_base_patch4_window7_224_in22k | fz | 2.0,4,1.0
group_within_context,log2_group_size,pearson,cub | swin_base_patch4_window7_224_in22k | fz | 3.0,4,0.9558053709662484
group_within_context,log2_group_size,spearman,cub | swin_base_patch4_window7_224_in22k | fz | 3.0,4,1.0
group_within_context,log2_group_size,pearson,cub | swin_base_patch4_window7_224_in22k | fz | 4.0,4,0.9575235099292025
group_within_context,log2_group_size,spearman,cub | swin_base_patch4_window7_224_in22k | fz | 4.0,4,1.0
group_within_context,log2_group_size,pearson,cub | swin_base_patch4_window7_224_in22k | fz | 5.0,4,0.962458519257011
group_within_context,log2_group_size,spearman,cub | swin_base_patch4_window7_224_in22k | fz | 5.0,4,1.0
group_within_context,log2_group_size,pearson,cub | swin_base_patch4_window7_224_in22k | fz | 6.0,4,0.9558053709662492
group_within_context,log2_group_size,spearman,cub | swin_base_patch4_window7_224_in22k | fz | 6.0,4,1.0
group_within_context,log2_group_size,pearson,cub | swin_base_patch4_window7_224_in22k | fz | 8.0,4,0.9841876199856249
group_within_context,log2_group_size,spearman,cub | swin_base_patch4_window7_224_in22k | fz | 8.0,4,1.0
group_within_context,log2_group_size,pearson,cub | vit_b16 | cal | 1.0,4,0.9051791996531054
group_within_context,log2_group_size,spearman,cub | vit_b16 | cal | 1.0,4,1.0
group_within_context,log2_group_size,pearson,cub | vit_b16 | cal | 1.58,4,0.9104601182687019
group_within_context,log2_group_size,spearman,cub | vit_b16 | cal | 1.58,4,1.0
group_within_context,log2_group_size,pearson,cub | vit_b16 | cal | 2.0,4,0.8871069392304947
group_within_context,log2_group_size,spearman,cub | vit_b16 | cal | 2.0,4,1.0
group_within_context,log2_group_size,pearson,cub | vit_b16 | cal | 3.0,4,0.8826385346043364
group_within_context,log2_group_size,spearman,cub | vit_b16 | cal | 3.0,4,0.9486832980505139
group_within_context,log2_group_size,pearson,cub | vit_b16 | cal | 4.0,4,0.8930487379485779
group_within_context,log2_group_size,spearman,cub | vit_b16 | cal | 4.0,4,1.0
group_within_context,log2_group_size,pearson,cub | vit_b16 | cal | 5.0,4,0.8675177498900184
group_within_context,log2_group_size,spearman,cub | vit_b16 | cal | 5.0,4,0.9486832980505139
group_within_context,log2_group_size,pearson,cub | vit_b16 | cal | 6.0,4,0.8717628266057598
group_within_context,log2_group_size,spearman,cub | vit_b16 | cal | 6.0,4,0.9486832980505139
group_within_context,log2_group_size,pearson,cub | vit_b16 | cal | 8.0,4,0.8717628266057598
group_within_context,log2_group_size,spearman,cub | vit_b16 | cal | 8.0,4,0.9486832980505139
group_within_context,log2_group_size,pearson,cub | vit_b16 | ft | 1.0,4,0.8880639932941967
group_within_context,log2_group_size,spearman,cub | vit_b16 | ft | 1.0,4,1.0
group_within_context,log2_group_size,pearson,cub | vit_b16 | ft | 1.58,4,0.8871069392304944
group_within_context,log2_group_size,spearman,cub | vit_b16 | ft | 1.58,4,1.0
group_within_context,log2_group_size,pearson,cub | vit_b16 | ft | 2.0,4,0.8871069392304944
group_within_context,log2_group_size,spearman,cub | vit_b16 | ft | 2.0,4,1.0
group_within_context,log2_group_size,pearson,cub | vit_b16 | ft | 3.0,4,0.8637926506711952
group_within_context,log2_group_size,spearman,cub | vit_b16 | ft | 3.0,4,0.9486832980505139
group_within_context,log2_group_size,pearson,cub | vit_b16 | ft | 4.0,4,0.9436249558370661
group_within_context,log2_group_size,spearman,cub | vit_b16 | ft | 4.0,4,0.9486832980505139
group_within_context,log2_group_size,pearson,cub | vit_b16 | ft | 5.0,4,0.8471927251727287
group_within_context,log2_group_size,spearman,cub | vit_b16 | ft | 5.0,4,0.9486832980505139
group_within_context,log2_group_size,pearson,cub | vit_b16 | ft | 6.0,4,0.8471927251727287
group_within_context,log2_group_size,spearman,cub | vit_b16 | ft | 6.0,4,0.9486832980505139
group_within_context,log2_group_size,pearson,cub | vit_b16 | ft | 8.0,4,0.8471927251727287
group_within_context,log2_group_size,spearman,cub | vit_b16 | ft | 8.0,4,0.9486832980505139
group_within_context,log2_group_size,pearson,cub | vit_b16 | fz | 1.0,4,0.8880639932941966
group_within_context,log2_group_size,spearman,cub | vit_b16 | fz | 1.0,4,1.0
group_within_context,log2_group_size,pearson,cub | vit_b16 | fz | 1.58,4,0.887106939230495
group_within_context,log2_group_size,spearman,cub | vit_b16 | fz | 1.58,4,1.0
group_within_context,log2_group_size,pearson,cub | vit_b16 | fz | 2.0,4,0.887106939230495
group_within_context,log2_group_size,spearman,cub | vit_b16 | fz | 2.0,4,1.0
group_within_context,log2_group_size,pearson,cub | vit_b16 | fz | 3.0,4,0.8637926506711949
group_within_context,log2_group_size,spearman,cub | vit_b16 | fz | 3.0,4,0.9486832980505139
group_within_context,log2_group_size,pearson,cub | vit_b16 | fz | 4.0,4,0.9436249558370662
group_within_context,log2_group_size,spearman,cub | vit_b16 | fz | 4.0,4,0.9486832980505139
group_within_context,log2_group_size,pearson,cub | vit_b16 | fz | 5.0,4,0.8675177498900183
group_within_context,log2_group_size,spearman,cub | vit_b16 | fz | 5.0,4,0.9486832980505139
group_within_context,log2_group_size,pearson,cub | vit_b16 | fz | 6.0,4,0.8471927251727288
group_within_context,log2_group_size,spearman,cub | vit_b16 | fz | 6.0,4,0.9486832980505139
group_within_context,log2_group_size,pearson,cub | vit_b16 | fz | 8.0,4,0.8471927251727288
group_within_context,log2_group_size,spearman,cub | vit_b16 | fz | 8.0,4,0.9486832980505139
within_summary:group_within_context,log2_group_size,pearson,summary,216,0.8871069392304947
within_summary:group_within_context,log2_group_size,spearman,summary,216,1.0
within_summary:nbits_within_context,hqq_nbits,pearson,summary,108,-0.890535558917784
within_summary:nbits_within_context,hqq_nbits,spearman,summary,108,-0.9452300860699551
