term_group,full_r2,reduced_r2,delta_r2
ckpt_kind,0.9273703908064965,0.9228906238388419,0.004479766967654619
dataset,0.9273703908064965,0.9271813630753761,0.00018902773112039473
group_size,0.9273703908064965,0.925364972264432,0.0020054185420644854
model,0.9273703908064965,0.8275110957548449,0.09985929505165159
nbits,0.9273703908064965,0.85628378585983,0.07108660494666652
nbits:ckpt_kind,0.9273703908064965,0.9061143888227775,0.02125600198371902
nbits:dataset,0.9273703908064965,0.9273253267674662,4.506403903037359e-05
nbits:group_size,0.9273703908064965,0.9272222173024366,0.00014817350405993412
nbits:model,0.9273703908064965,0.779876387632718,0.14749400317377848
